setting_name,num_runs,intent_accuracy_mean,intent_macro_f1_mean,intent_macro_f1_std,hole_accuracy_mean,hole_f1_mean,hole_f1_std,hole_auroc_mean
full_hierarchical_no_context,1,0.47051442910915936,0.2676813961225539,0.0,0.6599749058971142,0.5937031484257871,0.0,0.7125957339072093
full_hierarchical_no_line_type,3,0.4094521120869929,0.30279830178943146,0.031031430161490438,0.589293182768716,0.47243304633690975,0.004770552986079231,0.6293583982108573
full_hierarchical_no_multitask_hole,1,0.29109159347553326,0.18127922210388553,0.0,0.6587202007528231,0.6353887399463807,0.0,0.7162795113614786
full_hierarchical_no_multitask_intent,1,0.45294855708908405,0.3192835120979899,0.0,0.4742785445420326,0.5797392176529589,0.0,0.49469903158427747
full_tfidf_message_only,1,0.9849435382685069,0.9854909069297515,0.0,0.5294855708908407,0.43609022556390975,0.0,0.5450250015823785
